,Регион,"Региональные органы исполнительной власти (Кол-во структур, ед)","Региональные органы исполнительной власти (Всего кол-во сотрудников, чел)",Региональные органы исполнительной власти (Всего с профильным образованием),"Региональные органы исполнительной власти (Всего объeм финансирования, руб)",Региональные органы исполнительной власти (Расходы на мероприятия),Региональные органы исполнительной власти (Расходы на адм функции),Региональные органы исполнительной власти (Расходы на ремонт),"Бюджетные учреждения (Кол-во структур, ед)","Бюджетные учреждения (Всего кол-во сотрудников, чел)",Бюджетные учреждения (Всего с профильным образованием),"Бюджетные учреждения (Всего объeм финансирования, руб)",Бюджетные учреждения (Расходы на мероприятия),Бюджетные учреждения (Расходы на адм функции),Бюджетные учреждения (Расходы на ремонт),"Муниципальные органы испольнительной власти (Кол-во структур, ед)","Муниципальные органы испольнительной власти (Всего кол-во сотрудников, чел)",Муниципальные органы испольнительной власти (Всего с профильным образованием),"Муниципальные органы испольнительной власти (Всего объeм финансирования, руб)",Муниципальные органы испольнительной власти (Расходы на мероприятия),Муниципальные органы испольнительной власти (Расходы на адм функции),Муниципальные органы испольнительной власти (Расходы на ремонт),"Муниципальные бюджетные учреждения (Кол-во структур, ед)","Муниципальные бюджетные учреждения (Всего кол-во сотрудников, чел)",Муниципальные бюджетные учреждения (Всего с профильным образованием),"Муниципальные бюджетные учреждения (Всего объeм финансирования, руб)",Муниципальные бюджетные учреждения (Расходы на мероприятия),Муниципальные бюджетные учреждения (Расходы на адм функции),Муниципальные бюджетные учреждения (Расходы на ремонт),"Региональные структуры по работе с молодeжью (Кол-во структур, ед)","Региональные структуры по работе с молодeжью (Всего кол-во сотрудников, чел)",Региональные структуры по работе с молодeжью (Всего с профильным образованием),"Региональные структуры по работе с молодeжью (Всего объeм финансирования, руб)",Региональные структуры по работе с молодeжью (Расходы на мероприятия),Региональные структуры по работе с молодeжью (Расходы на адм функции),Региональные структуры по работе с молодeжью (Расходы на ремонт),"Муниципальные структуры по работе с молодeжью (Кол-во структур, ед)","Муниципальные структуры по работе с молодeжью (Всего кол-во сотрудников, чел)",Муниципальные структуры по работе с молодeжью (Всего с профильным образованием),"Муниципальные структуры по работе с молодeжью (Всего объeм финансирования, руб)",Муниципальные структуры по работе с молодeжью (Расходы на мероприятия),Муниципальные структуры по работе с молодeжью (Расходы на адм функции),Муниципальные структуры по работе с молодeжью (Расходы на ремонт),Округ
0,Алтайский край,1.0,28.0,0.0,34404000,7000000.0,27404000.0,0.0,2.0,51.0,1.0,86839602,61186270.0,24864310.0,789022.0,69.0,92.0,19.0,10204299,4903131.0,5141168.0,160000.0,11.0,35.0,14.0,1270000,914450.0,161550.0,194000.0,3.0,79.0,1.0,121243602,68186270.0,52268310.0,789022.0,80.0,127.0,33.0,11474299,5817581.0,5302718.0,354000.0,СФО
1,Амурская область,1.0,44.0,0.0,43890792,13854300.0,30036492.0,0.0,0.0,0.0,0.0,0,0.0,0.0,0.0,28.0,40.0,5.0,11122640,6559123.0,4563517.0,0.0,6.0,37.0,0.0,38941047,2736264.0,23192566.0,13012217.0,1.0,44.0,0.0,43890792,13854300.0,30036492.0,0.0,34.0,77.0,5.0,50063687,9295387.0,27756083.0,13012217.0,ДФО
2,Архангельская область,1.0,23.0,4.0,91594226,85017200.0,6577026.0,0.0,4.0,103.0,40.0,385586600,148776600.0,76037000.0,160773000.0,25.0,45.0,18.0,34389164,23523141.0,10866023.0,0.0,3.0,83.0,39.0,71271239,4603498.0,57946764.0,8720977.0,5.0,126.0,44.0,477180826,233793800.0,82614026.0,160773000.0,28.0,128.0,57.0,105660403,28126639.0,68812787.0,8720977.0,СЗФО
3,Астраханская  область,1.0,13.0,9.0,10497327,0.0,10497327.0,0.0,3.0,106.0,29.0,76628631,32940727.0,43687904.0,0.0,11.0,33.0,2.0,17714081,8091679.0,9622402.0,0.0,26.0,147.0,34.0,34690390,2097701.0,31792689.0,800000.0,4.0,119.0,38.0,87125958,32940727.0,54185231.0,0.0,37.0,180.0,36.0,52404471,10189380.0,41415091.0,800000.0,ЮФО
4,Белгородская область,1.0,10.0,8.0,24298507,24298507.0,0.0,0.0,1.0,84.0,54.0,64749957,18383771.0,46366186.0,0.0,22.0,71.0,15.0,43811523,16985742.0,26817781.0,8000.0,16.0,106.0,4.0,50734602,5309159.0,45425443.0,0.0,2.0,94.0,62.0,89048464,42682278.0,46366186.0,0.0,38.0,177.0,19.0,94546125,22294901.0,72243224.0,8000.0,ЦФО
5,Брянская область,1.0,7.0,5.0,18262455,18262455.0,0.0,0.0,1.0,5.0,0.0,5850000,5850000.0,0.0,0.0,31.0,48.0,9.0,7273423,4821171.0,2452252.0,0.0,5.0,20.0,3.0,421213,147057.0,274156.0,0.0,2.0,12.0,5.0,24112455,24112455.0,0.0,0.0,36.0,68.0,12.0,7694636,4968228.0,2726408.0,0.0,ЦФО
6,Владимирская область,1.0,13.0,1.0,137284,137284.0,0.0,0.0,0.0,0.0,0.0,0,0.0,0.0,0.0,16.0,45.0,2.0,91878291,10194697.0,81683594.0,0.0,15.0,161.0,5.0,98747296,2448223.0,94640051.0,1659022.0,1.0,13.0,1.0,137284,137284.0,0.0,0.0,31.0,206.0,7.0,190625587,12642920.0,176323645.0,1659022.0,ЦФО
7,Волгоградская область,1.0,10.0,10.0,6144200,1675500.0,4468700.0,0.0,4.0,154.0,45.0,110451410,38716210.0,71735200.0,0.0,36.0,127.0,16.0,58406923,18033374.0,40373549.0,0.0,127.0,933.0,172.0,445333220,219038383.0,185368661.0,40926176.0,5.0,164.0,55.0,116595610,40391710.0,76203900.0,0.0,163.0,1060.0,188.0,503740143,237071757.0,225742210.0,40926176.0,ЮФО
8,Вологодская область,1.0,6.0,2.0,0,0.0,0.0,0.0,1.0,38.0,2.0,121426700,89550639.0,31876061.0,0.0,28.0,37.0,0.0,5185111,4852882.0,332229.0,0.0,7.0,62.0,1.0,39044568,9145865.0,29586623.0,312080.0,2.0,44.0,4.0,121426700,89550639.0,31876061.0,0.0,35.0,99.0,1.0,44229679,13998747.0,29918852.0,312080.0,СЗФО
9,Воронежская область,1.0,6.0,0.0,10903639,4457058.0,6446581.0,0.0,1.0,56.0,6.0,58523312,26208871.0,32314441.0,0.0,40.0,61.0,11.0,30173126,10198061.0,19586765.0,388300.0,6.0,78.0,1.0,32413834,4682533.0,27142801.0,588500.0,2.0,62.0,6.0,69426951,30665929.0,38761022.0,0.0,46.0,139.0,12.0,62586960,14880594.0,46729566.0,976800.0,ЦФО
10,Еврейская автономная область,1.0,5.0,5.0,1757990,643520.0,1114470.0,0.0,1.0,40.0,5.0,2301316,2151316.0,150000.0,0.0,6.0,56.0,50.0,6222856,6222856.0,0.0,0.0,41.0,1446.0,849.0,494700,494700.0,0.0,0.0,2.0,45.0,10.0,4059306,2794836.0,1264470.0,0.0,47.0,1502.0,899.0,6717556,6717556.0,0.0,0.0,ДФО
11,Забайкальский край,1.0,3.0,0.0,0,0.0,0.0,0.0,2.0,106.0,5.0,65735900,0.0,65735900.0,0.0,35.0,35.0,12.0,3335000,2130000.0,1205000.0,0.0,0.0,0.0,0.0,0,0.0,0.0,0.0,3.0,109.0,5.0,65735900,0.0,65735900.0,0.0,35.0,35.0,12.0,3335000,2130000.0,1205000.0,0.0,ДФО
12,Ивановская область,1.0,5.0,0.0,6801130,4066398.0,2734732.0,0.0,0.0,0.0,0.0,0,0.0,0.0,0.0,27.0,70.0,7.0,31801931,8870974.0,16930457.0,6000500.0,19.0,317.0,6.0,104102735,14087018.0,71036161.0,18979556.0,1.0,5.0,0.0,6801130,4066398.0,2734732.0,0.0,46.0,387.0,13.0,135904666,22957992.0,87966618.0,24980056.0,ЦФО
13,Иркутская область,1.0,24.0,0.0,74176999,38359954.0,35817045.0,0.0,4.0,115.0,3.0,146934672,51525708.0,92332022.0,3076942.0,55.0,110.0,32.0,77933561,47270644.0,30662917.0,0.0,10.0,100.0,36.0,60294729,4688312.0,55606417.0,0.0,5.0,139.0,3.0,221111671,89885662.0,128149067.0,3076942.0,65.0,210.0,68.0,138228290,51958956.0,86269334.0,0.0,СФО
14,Кабардино-Балкарская Республика,1.0,10.0,0.0,6261000,6261000.0,0.0,0.0,1.0,33.0,5.0,10833208,236548.0,10596660.0,0.0,22.0,27.0,6.0,3758106,947930.0,2810176.0,0.0,4.0,56.0,54.0,0,0.0,0.0,0.0,2.0,43.0,5.0,17094208,6497548.0,10596660.0,0.0,26.0,83.0,60.0,3758106,947930.0,2810176.0,0.0,СКФО
15,Калининградская область,1.0,11.0,0.0,28553637,15090160.0,13463477.0,0.0,4.0,57.0,0.0,200264360,126757540.0,51173820.0,22333000.0,22.0,43.0,5.0,44225393,17935127.0,26290266.0,0.0,17.0,334.0,4.0,147764936,39745171.0,93305525.0,14714240.0,5.0,68.0,0.0,228817997,141847700.0,64637297.0,22333000.0,39.0,377.0,9.0,191990329,57680298.0,119595791.0,14714240.0,СЗФО
16,Калужская область,1.0,11.0,4.0,82994649,75707540.0,7287109.0,0.0,3.0,238.0,56.0,77755598,2803100.0,74952498.0,0.0,26.0,43.0,7.0,15484171,10167065.0,5317106.0,0.0,6.0,45.0,10.0,10428667,1658228.0,8770439.0,0.0,4.0,249.0,60.0,160750247,78510640.0,82239607.0,0.0,32.0,88.0,17.0,25912838,11825293.0,14087545.0,0.0,ЦФО
17,Камчатский край,1.0,5.0,3.0,111127095,100135606.0,10991489.0,0.0,2.0,74.0,4.0,129614722,19723639.0,109756013.0,135070.0,14.0,27.0,1.0,78179334,49180682.0,25870902.0,3127750.0,2.0,14.0,1.0,96778357,48782677.0,43409432.0,4586248.0,3.0,79.0,7.0,240741817,119859245.0,120747502.0,135070.0,16.0,41.0,2.0,174957691,97963359.0,69280334.0,7713998.0,ДФО
18,Карачаево-Черкесская Республика,1.0,11.0,0.0,0,0.0,0.0,0.0,0.0,0.0,0.0,0,0.0,0.0,0.0,12.0,24.0,0.0,0,0.0,0.0,0.0,0.0,0.0,0.0,0,0.0,0.0,0.0,1.0,11.0,0.0,0,0.0,0.0,0.0,12.0,24.0,0.0,0,0.0,0.0,0.0,СКФО
19,Кемеровская область,1.0,15.0,2.0,20281072,10628046.0,9653026.0,0.0,2.0,40.0,9.0,110706230,26634388.0,12461831.0,71610011.0,24.0,59.0,17.0,39913137,9998300.0,29914837.0,0.0,32.0,129.0,30.0,308217896,18061808.0,289201125.0,954963.0,3.0,55.0,11.0,130987302,37262434.0,22114857.0,71610011.0,56.0,188.0,47.0,348131033,28060108.0,319115962.0,954963.0,СФО
20,Кировская область,1.0,8.0,3.0,7736000,0.0,7736000.0,0.0,2.0,14.0,2.0,56366660,31688960.0,24677700.0,0.0,45.0,87.0,9.0,31442224,14792686.0,15965736.0,683802.0,4.0,85.0,12.0,36746207,2815.0,36549284.0,194108.0,3.0,22.0,5.0,64102660,31688960.0,32413700.0,0.0,49.0,172.0,21.0,68188431,14795501.0,52515020.0,877910.0,ПФО
21,Костромская область,1.0,11.0,4.0,7916700,910700.0,7006000.0,0.0,2.0,48.0,10.0,23313384,5781268.0,17532116.0,0.0,29.0,57.0,6.0,18960008,1877189.0,17082819.0,0.0,25.0,151.0,14.0,50747376,8528068.0,35382073.0,6837235.0,3.0,59.0,14.0,31230084,6691968.0,24538116.0,0.0,54.0,208.0,20.0,69707384,10405257.0,52464892.0,6837235.0,ЦФО
22,Краснодарский край,1.0,11.0,0.0,23081411,13580000.0,9501411.0,0.0,4.0,143.0,62.0,203059053,113858483.0,81279356.0,7921214.0,47.0,199.0,91.0,150566530,41520658.0,108212672.0,833200.0,76.0,1037.0,334.0,544385215,71385019.0,459471093.0,13529103.0,5.0,154.0,62.0,226140464,127438483.0,90780767.0,7921214.0,123.0,1236.0,425.0,694951745,112905677.0,567683765.0,14362303.0,ЮФО
23,Красноярский край,1.0,35.0,13.0,783635500,733489900.0,50145600.0,0.0,3.0,280.0,110.0,479082184,360372211.0,118709973.0,0.0,52.0,99.0,24.0,97750216,37998792.0,59751424.0,0.0,71.0,998.0,385.0,682870019,131098722.0,521260642.0,30510655.0,4.0,315.0,123.0,1262717684,1093862111.0,168855573.0,0.0,123.0,1097.0,409.0,780620235,169097514.0,581012066.0,30510655.0,СФО
24,Курганская область,1.0,6.0,1.0,9244755,7561793.0,1682962.0,0.0,1.0,168.0,7.0,125302400,0.0,78141900.0,47160500.0,26.0,30.0,10.0,47287477,37205020.0,10064257.0,18200.0,26.0,98.0,11.0,28803492,1281784.0,14758218.0,12763490.0,2.0,174.0,8.0,134547155,7561793.0,79824862.0,47160500.0,52.0,128.0,21.0,76090969,38486804.0,24822475.0,12781690.0,УФО
25,Курская область,1.0,15.0,0.0,41528399,20103552.0,21424847.0,0.0,1.0,120.0,1.0,130260460,23182600.0,60543033.0,46534827.0,32.0,72.0,0.0,28174205,8999238.0,19174967.0,0.0,5.0,81.0,0.0,42310012,2263489.0,31000110.0,9046413.0,2.0,135.0,1.0,171788859,43286152.0,81967880.0,46534827.0,37.0,153.0,0.0,70484217,11262727.0,50175077.0,9046413.0,ЦФО
26,Ленинградская область,1.0,19.0,1.0,154465631,107062974.0,47402657.0,0.0,2.0,105.0,26.0,104852613,31410191.0,70822979.0,2619443.0,47.0,113.0,18.0,74092468,58497996.0,7674888.0,7919584.0,115.0,538.0,133.0,171873581,59526563.0,105724173.0,6622845.0,3.0,124.0,27.0,259318244,138473165.0,118225636.0,2619443.0,162.0,651.0,151.0,245966049,118024559.0,113399061.0,14542429.0,СЗФО
27,Липецкая область,1.0,4.0,1.0,7163049,4385000.0,2778049.0,0.0,1.0,46.0,1.0,52019391,17290025.0,34729366.0,0.0,19.0,51.0,11.0,42925004,21058166.0,21866838.0,0.0,4.0,43.0,3.0,11202682,1813400.0,9389282.0,0.0,2.0,50.0,2.0,59182440,21675025.0,37507415.0,0.0,23.0,94.0,14.0,54127686,22871566.0,31256120.0,0.0,ЦФО
28,Магаданская область,1.0,7.0,0.0,101157205,90410200.0,10747005.0,0.0,1.0,15.0,0.0,36774956,17270273.0,18492325.0,1012358.0,9.0,16.0,0.0,33737384,13208044.0,20529340.0,0.0,4.0,76.0,0.0,59764139,1854832.0,55469711.0,2439596.0,2.0,22.0,0.0,137932161,107680473.0,29239330.0,1012358.0,13.0,92.0,0.0,93501523,15062876.0,75999051.0,2439596.0,ДФО
29,Москва,1.0,7.0,5.0,827759881,824116400.0,3643481.0,0.0,5.0,307.0,126.0,366609505,80243340.0,286366165.0,0.0,0.0,0.0,0.0,0,0.0,0.0,0.0,0.0,0.0,0.0,0,0.0,0.0,0.0,6.0,314.0,131.0,1194369386,904359740.0,290009646.0,0.0,0.0,0.0,0.0,0,0.0,0.0,0.0,ЦФО
30,Московская область,1.0,5.0,0.0,47217073,36900000.0,10317073.0,0.0,1.0,18.0,0.0,49265367,18261750.0,31003617.0,0.0,59.0,182.0,34.0,142252682,94535669.0,47478515.0,238498.0,81.0,2019.0,329.0,1095239132,287316966.0,768989685.0,38932481.0,2.0,23.0,0.0,96482440,55161750.0,41320690.0,0.0,140.0,2201.0,363.0,1237491814,381852635.0,816468200.0,39170979.0,ЦФО
31,Мурманская область,1.0,11.0,0.0,124884500,46247700.0,20114900.0,58521900.0,2.0,30.0,3.0,10360500,10360500.0,0.0,0.0,17.0,26.0,4.0,36240139,13630362.0,19458389.0,3151388.0,23.0,189.0,47.0,173828886,36728443.0,127823566.0,9276877.0,3.0,41.0,3.0,135245000,56608200.0,20114900.0,58521900.0,40.0,215.0,51.0,210069025,50358805.0,147281955.0,12428265.0,СЗФО
32,Ненецкий автономный округ,1.0,4.0,4.0,4583708,240000.0,4343708.0,0.0,1.0,15.0,14.0,33543200,24317800.0,9225400.0,0.0,1.0,2.0,1.0,692116,692116.0,0.0,0.0,0.0,0.0,0.0,0,0.0,0.0,0.0,2.0,19.0,18.0,38126908,24557800.0,13569108.0,0.0,1.0,2.0,1.0,692116,692116.0,0.0,0.0,СЗФО
33,Нижегородская область,1.0,10.0,0.0,10284349,5000000.0,5284349.0,0.0,3.0,90.0,0.0,109280159,69579488.0,39700671.0,0.0,52.0,99.0,19.0,57348683,18593328.0,38154173.0,601182.0,12.0,467.0,0.0,226007733,18772127.0,194367745.0,12867861.0,4.0,100.0,0.0,119564508,74579488.0,44985020.0,0.0,64.0,566.0,19.0,283356416,37365455.0,232521918.0,13469043.0,ПФО
34,Новгородская область,1.0,3.0,2.0,2083564,0.0,2083564.0,0.0,1.0,17.0,10.0,31398894,16233447.0,14292583.0,872864.0,21.0,36.0,23.0,13583396,2283161.0,11300235.0,0.0,15.0,128.0,73.0,84245104,1903861.0,71582745.0,10758498.0,2.0,20.0,12.0,33482458,16233447.0,16376147.0,872864.0,36.0,164.0,96.0,97828500,4187022.0,82882980.0,10758498.0,СЗФО
35,Новосибирская область,1.0,8.0,1.0,0,0.0,0.0,0.0,1.0,115.0,65.0,136125358,39208266.0,89611685.0,7305407.0,25.0,53.0,30.0,24305726,7252811.0,17052915.0,0.0,43.0,1236.0,439.0,131117746,22827312.0,104803720.0,3486714.0,2.0,123.0,66.0,136125358,39208266.0,89611685.0,7305407.0,68.0,1289.0,469.0,155423472,30080123.0,121856635.0,3486714.0,СФО
36,Омская область,1.0,9.0,2.0,62990867,62547625.0,443242.0,0.0,3.0,89.0,21.0,80851994,13086423.0,67494596.0,270975.0,18.0,50.0,14.0,22337580,7246463.0,13227380.0,1863737.0,35.0,758.0,84.0,270231676,36320631.0,225855594.0,8055451.0,4.0,98.0,23.0,143842861,75634048.0,67937838.0,270975.0,53.0,808.0,98.0,292569256,43567094.0,239082974.0,9919188.0,СФО
37,Оренбургская область,1.0,10.0,3.0,61299342,50673727.0,10625615.0,0.0,1.0,49.0,41.0,130573016,97039402.0,31671717.0,1861897.0,41.0,60.0,27.0,34719939,9259745.0,25460194.0,0.0,6.0,62.0,17.0,32541701,6262337.0,26279364.0,0.0,2.0,59.0,44.0,191872358,147713129.0,42297332.0,1861897.0,47.0,122.0,44.0,67261640,15522082.0,51739558.0,0.0,ПФО
38,Орловская область,1.0,8.0,3.0,4290500,4290500.0,0.0,0.0,1.0,49.0,33.0,17890469,15347784.0,2542685.0,0.0,26.0,37.0,7.0,9304951,4275486.0,5029465.0,0.0,0.0,0.0,0.0,0,0.0,0.0,0.0,2.0,57.0,36.0,22180969,19638284.0,2542685.0,0.0,26.0,37.0,7.0,9304951,4275486.0,5029465.0,0.0,ЦФО
39,Пензенская область,1.0,4.0,0.0,25347300,25347300.0,0.0,0.0,1.0,31.0,0.0,17602400,2214100.0,15388300.0,0.0,28.0,31.0,0.0,6859521,4949338.0,1910183.0,0.0,2.0,66.0,3.0,11836848,1377000.0,10459848.0,0.0,2.0,35.0,0.0,42949700,27561400.0,15388300.0,0.0,30.0,97.0,3.0,18696369,6326338.0,12370031.0,0.0,ПФО
40,Пермский край,1.0,4.0,4.0,24764862,20860000.0,3904862.0,0.0,1.0,4.0,4.0,66975899,61416278.0,5559621.0,0.0,42.0,90.0,11.0,71237191,58317451.0,11209150.0,1710590.0,11.0,193.0,10.0,155631689,71837365.0,65750131.0,18044193.0,2.0,8.0,8.0,91740761,82276278.0,9464483.0,0.0,53.0,283.0,21.0,226868880,130154816.0,76959281.0,19754783.0,ПФО
41,Приморский край,1.0,10.0,0.0,30018094,17375923.0,12642171.0,0.0,1.0,13.0,0.0,47336552,24630162.0,22706390.0,0.0,30.0,68.0,12.0,76057369,33080621.0,39074147.0,3902601.0,94.0,1317.0,274.0,540210095,10441621.0,499682797.0,30085677.0,2.0,23.0,0.0,77354646,42006085.0,35348561.0,0.0,124.0,1385.0,286.0,616267464,43522242.0,538756944.0,33988278.0,ДФО
42,Псковская область,1.0,9.0,2.0,74707000,6548000.0,68159000.0,0.0,1.0,26.0,14.0,15703056,5329743.0,10159690.0,213623.0,12.0,23.0,2.0,9657110,7156859.0,2500251.0,0.0,21.0,54.0,6.0,22120351,3524712.0,17459400.0,1136239.0,2.0,35.0,16.0,90410056,11877743.0,78318690.0,213623.0,33.0,77.0,8.0,31777461,10681571.0,19959651.0,1136239.0,СЗФО
43,Республика Адыгея,1.0,4.0,0.0,14586530,10805100.0,3781430.0,0.0,1.0,5.0,0.0,545500,0.0,545500.0,0.0,9.0,18.0,0.0,12746800,3933200.0,8813600.0,0.0,1.0,17.0,0.0,6217000,0.0,6217000.0,0.0,2.0,9.0,0.0,15132030,10805100.0,4326930.0,0.0,10.0,35.0,0.0,18963800,3933200.0,15030600.0,0.0,ЮФО
44,Республика Алтай,1.0,2.0,2.0,0,0.0,0.0,0.0,1.0,14.0,14.0,17277500,8755940.0,8521560.0,0.0,10.0,18.0,11.0,1920426,916915.0,1003511.0,0.0,2.0,19.0,10.0,7977756,1207873.0,6469883.0,300000.0,2.0,16.0,16.0,17277500,8755940.0,8521560.0,0.0,12.0,37.0,21.0,9898182,2124788.0,7473394.0,300000.0,СФО
45,Республика Башкортостан,1.0,11.0,3.0,780106534,773495210.0,6611324.0,0.0,3.0,131.0,8.0,666854126,621055503.0,40559132.0,5239491.0,70.0,137.0,43.0,71721208,37430764.0,34290444.0,0.0,65.0,1156.0,235.0,735325464,606923465.0,75321855.0,53080144.0,4.0,142.0,11.0,1446960660,1394550713.0,47170456.0,5239491.0,135.0,1293.0,278.0,807046672,644354229.0,109612299.0,53080144.0,ПФО
46,Республика Бурятия,1.0,7.0,0.0,2954371,2580000.0,374371.0,0.0,1.0,16.0,0.0,26617728,15854728.0,10763000.0,0.0,23.0,32.0,0.0,11038158,11038158.0,0.0,0.0,1.0,1.0,0.0,1143151,0.0,1143151.0,0.0,2.0,23.0,0.0,29572099,18434728.0,11137371.0,0.0,24.0,33.0,0.0,12181309,11038158.0,1143151.0,0.0,ДФО
47,Республика Дагестан,1.0,22.0,20.0,49591146,24519500.0,23866006.0,1205640.0,1.0,41.0,10.0,27816217,19622817.0,8193400.0,0.0,52.0,113.0,0.0,60339600,60339600.0,0.0,0.0,8.0,60.0,0.0,0,0.0,0.0,0.0,2.0,63.0,30.0,77407363,44142317.0,32059406.0,1205640.0,60.0,173.0,0.0,60339600,60339600.0,0.0,0.0,СКФО
48,Республика Ингушетия,1.0,13.0,10.0,11715400,5350000.0,6365400.0,0.0,1.0,33.0,33.0,8394059,0.0,8394059.0,0.0,0.0,0.0,0.0,0,0.0,0.0,0.0,0.0,0.0,0.0,0,0.0,0.0,0.0,2.0,46.0,43.0,20109459,5350000.0,14759459.0,0.0,0.0,0.0,0.0,0,0.0,0.0,0.0,СКФО
49,Республика Калмыкия,1.0,23.0,1.0,3772380,0.0,3772380.0,0.0,1.0,33.0,0.0,11840288,2125705.0,9714583.0,0.0,14.0,14.0,0.0,4110000,750000.0,3360000.0,0.0,3.0,63.0,30.0,8818689,0.0,8818689.0,0.0,2.0,56.0,1.0,15612668,2125705.0,13486963.0,0.0,17.0,77.0,30.0,12928689,750000.0,12178689.0,0.0,ЮФО
50,Республика Карелия,1.0,3.0,3.0,0,0.0,0.0,0.0,1.0,30.0,30.0,14000000,2100000.0,2264000.0,9636000.0,10.0,19.0,5.0,1012745,1011564.0,1181.0,0.0,21.0,94.0,31.0,2926444,754906.0,1836238.0,335300.0,2.0,33.0,33.0,14000000,2100000.0,2264000.0,9636000.0,31.0,113.0,36.0,3939189,1766470.0,1837419.0,335300.0,СЗФО
51,Республика Коми,1.0,3.0,0.0,18800006,13361750.0,5438256.0,0.0,1.0,14.0,0.0,11282462,402709.0,10879753.0,0.0,20.0,46.0,9.0,35018821,18469089.0,16517803.0,31929.0,3.0,34.0,3.0,13633519,400000.0,13233519.0,0.0,2.0,17.0,0.0,30082468,13764459.0,16318009.0,0.0,23.0,80.0,12.0,48652340,18869089.0,29751322.0,31929.0,СЗФО
52,Республика Крым,1.0,22.0,0.0,289106608,265198705.0,23907903.0,0.0,1.0,17.0,0.0,55356899,10863455.0,29693444.0,14800000.0,25.0,70.0,0.0,10005524,3677045.0,6328479.0,0.0,15.0,239.0,1.0,36292178,1388067.0,24527278.0,10376833.0,2.0,39.0,0.0,344463507,276062160.0,53601347.0,14800000.0,40.0,309.0,1.0,46297702,5065112.0,30855757.0,10376833.0,ЮФО
53,Республика Марий Эл,1.0,9.0,9.0,8218940,3566242.0,4652698.0,0.0,2.0,94.0,36.0,72329457,27943247.0,34403707.0,9982503.0,17.0,24.0,21.0,7318276,1858806.0,5459470.0,0.0,0.0,0.0,0.0,0,0.0,0.0,0.0,3.0,103.0,45.0,80548397,31509489.0,39056405.0,9982503.0,17.0,24.0,21.0,7318276,1858806.0,5459470.0,0.0,ПФО
54,Республика Мордовия,1.0,8.0,2.0,108508800,101289300.0,7219500.0,0.0,1.0,80.0,30.0,41090030,7977700.0,33112330.0,0.0,19.0,25.0,0.0,1343883,1343883.0,0.0,0.0,2.0,113.0,9.0,18569200,687400.0,17881800.0,0.0,2.0,88.0,32.0,149598830,109267000.0,40331830.0,0.0,21.0,138.0,9.0,19913083,2031283.0,17881800.0,0.0,ПФО
55,Республика Саха (Якутия),1.0,21.0,1.0,94076694,59353972.0,34722722.0,0.0,1.0,113.0,100.0,96841801,12039132.0,84802669.0,0.0,172.0,311.0,24.0,60803058,33593547.0,27095287.0,114224.0,8.0,25.0,5.0,17138519,8595463.0,8543056.0,0.0,2.0,134.0,101.0,190918495,71393104.0,119525391.0,0.0,180.0,336.0,29.0,77941577,42189010.0,35638343.0,114224.0,ДФО
56,Республика Северная Осетия - Алания,1.0,17.0,0.0,16575470,8277270.0,8298200.0,0.0,5.0,207.0,0.0,5705531,2157680.0,3547851.0,0.0,9.0,30.0,0.0,4624221,2238750.0,2385471.0,0.0,0.0,0.0,0.0,0,0.0,0.0,0.0,6.0,224.0,0.0,22281001,10434950.0,11846051.0,0.0,9.0,30.0,0.0,4624221,2238750.0,2385471.0,0.0,СКФО
57,Республика Татарстан,1.0,47.0,27.0,742904555,687466745.0,55437810.0,0.0,12.0,466.0,167.0,2569141114,871306564.0,336556000.0,1361278550.0,45.0,112.0,54.0,106750677,17076393.0,88854495.0,819789.0,366.0,3309.0,2449.0,980382674,37076455.0,918524347.0,24781872.0,13.0,513.0,194.0,3312045669,1558773309.0,391993810.0,1361278550.0,411.0,3421.0,2503.0,1087133351,54152848.0,1007378842.0,25601661.0,ПФО
58,Республика Тыва,1.0,7.0,2.0,0,0.0,0.0,0.0,0.0,0.0,0.0,0,0.0,0.0,0.0,19.0,23.0,0.0,0,0.0,0.0,0.0,0.0,0.0,0.0,0,0.0,0.0,0.0,1.0,7.0,2.0,0,0.0,0.0,0.0,19.0,23.0,0.0,0,0.0,0.0,0.0,СФО
59,Республика Хакасия,1.0,1.0,1.0,0,0.0,0.0,0.0,2.0,52.0,3.0,3069353,1476720.0,1213123.0,379510.0,13.0,20.0,13.0,1089237,291384.0,769963.0,27890.0,7.0,87.0,7.0,15336,15336.0,0.0,0.0,3.0,53.0,4.0,3069353,1476720.0,1213123.0,379510.0,20.0,107.0,20.0,1104573,306720.0,769963.0,27890.0,СФО
60,Ростовская область,1.0,12.0,0.0,37092300,21702800.0,15389500.0,0.0,3.0,86.0,33.0,169118800,111770800.0,57348000.0,0.0,55.0,148.0,50.0,29147104,24271037.0,4876067.0,0.0,1.0,35.0,8.0,14147600,5594500.0,8553100.0,0.0,4.0,98.0,33.0,206211100,133473600.0,72737500.0,0.0,56.0,183.0,58.0,43294704,29865537.0,13429167.0,0.0,ЮФО
61,Рязанская область,1.0,7.0,0.0,14408891,6820804.0,7588087.0,0.0,2.0,72.0,0.0,52355060,5876435.0,33500543.0,12978082.0,29.0,49.0,0.0,27641208,9729904.0,17911304.0,0.0,2.0,89.0,0.0,45892400,4065600.0,41826800.0,0.0,3.0,79.0,0.0,66763951,12697239.0,41088630.0,12978082.0,31.0,138.0,0.0,73533608,13795504.0,59738104.0,0.0,ЦФО
62,Самарская область,1.0,14.0,4.0,175555188,159280282.0,16274906.0,0.0,1.0,70.0,5.0,173853076,63805773.0,6221923.0,103825380.0,37.0,137.0,31.0,94877985,55519593.0,39358392.0,0.0,48.0,388.0,42.0,224608212,84868479.0,138772614.0,967119.0,2.0,84.0,9.0,349408264,223086055.0,22496829.0,103825380.0,85.0,525.0,73.0,319486197,140388072.0,178131006.0,967119.0,ПФО
63,Санкт-Петербург,1.0,47.0,47.0,413415815,324099615.0,88998396.0,317804.0,4.0,732.0,458.0,789232284,409455040.0,329070394.0,50706850.0,18.0,68.0,67.0,14963900,14963900.0,0.0,0.0,28.0,3643.0,1460.0,2898867600,33876648.0,2538944565.0,326046387.0,5.0,779.0,505.0,1202648099,733554655.0,418068790.0,51024654.0,46.0,3711.0,1527.0,2913831500,48840548.0,2538944565.0,326046387.0,СЗФО
64,Саратовская область,1.0,5.0,2.0,11469311,7218493.0,4250818.0,0.0,1.0,62.0,44.0,25310592,22138528.0,3172064.0,0.0,36.0,69.0,10.0,10364461,2836085.0,7528376.0,0.0,6.0,273.0,161.0,40580320,915700.0,39664620.0,0.0,2.0,67.0,46.0,36779903,29357021.0,7422882.0,0.0,42.0,342.0,171.0,50944781,3751785.0,47192996.0,0.0,ПФО
65,Сахалинская область,1.0,6.0,0.0,264157800,205742000.0,58415800.0,0.0,1.0,30.0,1.0,99605900,59914100.0,39691800.0,0.0,18.0,27.0,4.0,50897898,31884809.0,19013089.0,0.0,2.0,42.0,19.0,49728400,10989300.0,38739100.0,0.0,2.0,36.0,1.0,363763700,265656100.0,98107600.0,0.0,20.0,69.0,23.0,100626298,42874109.0,57752189.0,0.0,ДФО
66,Свердловская область,1.0,12.0,2.0,68785649,46519500.0,22266149.0,0.0,2.0,103.0,34.0,53674841,29355638.0,24319203.0,0.0,45.0,111.0,42.0,58987561,22833848.0,36153713.0,0.0,63.0,877.0,181.0,446779241,84916528.0,333480040.0,28382673.0,3.0,115.0,36.0,122460490,75875138.0,46585352.0,0.0,108.0,988.0,223.0,505766802,107750376.0,369633753.0,28382673.0,УФО
67,Севастополь,1.0,31.0,3.0,4400000,4400000.0,0.0,0.0,1.0,167.0,0.0,30567600,29403700.0,1163900.0,0.0,10.0,13.0,0.0,4891960,3788146.0,1103814.0,0.0,0.0,0.0,0.0,0,0.0,0.0,0.0,2.0,198.0,3.0,34967600,33803700.0,1163900.0,0.0,10.0,13.0,0.0,4891960,3788146.0,1103814.0,0.0,ЮФО
68,Смоленская область,1.0,22.0,0.0,24158298,8205700.0,15952598.0,0.0,2.0,44.0,0.0,21521386,3224400.0,18296986.0,0.0,27.0,38.0,2.0,18941804,7111145.0,10352959.0,1477700.0,2.0,11.0,5.0,3373645,129245.0,3244400.0,0.0,3.0,66.0,0.0,45679684,11430100.0,34249584.0,0.0,29.0,49.0,7.0,22315449,7240390.0,13597359.0,1477700.0,ЦФО
69,Ставропольский край,1.0,6.0,3.0,1104000,1104000.0,0.0,0.0,1.0,21.0,15.0,26319960,8515509.0,17804451.0,0.0,5.0,31.0,17.0,25901378,11936301.0,13965077.0,0.0,29.0,190.0,27.0,53500174,7489551.0,46010623.0,0.0,2.0,27.0,18.0,27423960,9619509.0,17804451.0,0.0,34.0,221.0,44.0,79401552,19425852.0,59975700.0,0.0,СКФО
70,Тамбовская область,1.0,5.0,5.0,9908920,5974200.0,3934720.0,0.0,1.0,42.0,24.0,10462000,249800.0,10212200.0,0.0,30.0,59.0,22.0,23955329,6251556.0,17703773.0,0.0,5.0,48.0,1.0,27768867,14321340.0,10203695.0,3243832.0,2.0,47.0,29.0,20370920,6224000.0,14146920.0,0.0,35.0,107.0,23.0,51724196,20572896.0,27907468.0,3243832.0,ЦФО
71,Тверская область,1.0,15.0,1.0,130734680,115438984.0,15295696.0,0.0,1.0,21.0,1.0,32229268,15243990.0,10006390.0,6978888.0,42.0,64.0,9.0,42709029,28314582.0,14394447.0,0.0,6.0,92.0,6.0,40701119,5236119.0,32559242.0,2905758.0,2.0,36.0,2.0,162963948,130682974.0,25302086.0,6978888.0,48.0,156.0,15.0,83410148,33550701.0,46953689.0,2905758.0,ЦФО
72,Томская область,1.0,5.0,5.0,30585786,30585786.0,0.0,0.0,1.0,10.0,5.0,4709814,0.0,4709814.0,0.0,17.0,45.0,3.0,10997741,8871364.0,2126377.0,0.0,1.0,10.0,5.0,4891278,2053173.0,2838105.0,0.0,2.0,15.0,10.0,35295600,30585786.0,4709814.0,0.0,18.0,55.0,8.0,15889019,10924537.0,4964482.0,0.0,СФО
73,Тульская область,1.0,12.0,1.0,15377174,300000.0,15077174.0,0.0,3.0,172.0,12.0,194700167,33563380.0,84567757.0,76569030.0,26.0,39.0,1.0,11837792,4086546.0,7751246.0,0.0,13.0,322.0,16.0,152808355,8670159.0,136629931.0,7508265.0,4.0,184.0,13.0,210077341,33863380.0,99644931.0,76569030.0,39.0,361.0,17.0,164646147,12756705.0,144381177.0,7508265.0,ЦФО
74,Тюменская область,2.0,82.0,7.0,0,0.0,0.0,0.0,3.0,522.0,1.0,460498631,391423836.0,69074795.0,0.0,26.0,67.0,2.0,1628652,570800.0,1057852.0,0.0,46.0,1466.0,2.0,233096041,230547456.0,2256398.0,292187.0,5.0,604.0,8.0,460498631,391423836.0,69074795.0,0.0,72.0,1533.0,4.0,234724693,231118256.0,3314250.0,292187.0,УФО
75,Удмуртская Республика,1.0,8.0,8.0,29541369,29541369.0,0.0,0.0,2.0,94.0,79.0,92840907,46458795.0,40911700.0,5470412.0,23.0,53.0,17.0,17949946,2593390.0,15356556.0,0.0,26.0,564.0,138.0,227306888,140047110.0,84621317.0,2638461.0,3.0,102.0,87.0,122382276,76000164.0,40911700.0,5470412.0,49.0,617.0,155.0,245256834,142640500.0,99977873.0,2638461.0,ПФО
76,Ульяновская область,1.0,9.0,9.0,31948407,23509000.0,8439407.0,0.0,1.0,73.0,73.0,28509900,18516850.0,9993050.0,0.0,8.0,16.0,6.0,7200000,6214000.0,986000.0,0.0,242.0,563.0,542.0,1282000,880000.0,82000.0,320000.0,2.0,82.0,82.0,60458307,42025850.0,18432457.0,0.0,250.0,579.0,548.0,8482000,7094000.0,1068000.0,320000.0,ПФО
77,Хабаровский край,1.0,13.0,0.0,3755310,3755310.0,0.0,0.0,3.0,350.0,14.0,435986637,177152557.0,238747715.0,20086365.0,15.0,61.0,11.0,32252007,11486820.0,20765187.0,0.0,13.0,298.0,39.0,206520953,18130528.0,181553109.0,6837316.0,4.0,363.0,14.0,439741947,180907867.0,238747715.0,20086365.0,28.0,359.0,50.0,238772960,29617348.0,202318296.0,6837316.0,ДФО
78,Ханты-Мансийский автономный округ - Югра,1.0,6.0,6.0,188118454,178746800.0,9371654.0,0.0,2.0,221.0,27.0,311950900,70218400.0,237577846.0,4154654.0,21.0,117.0,37.0,163933126,22041337.0,141891789.0,0.0,27.0,1026.0,405.0,1033526516,219194704.0,779827354.0,34504458.0,3.0,227.0,33.0,500069354,248965200.0,246949500.0,4154654.0,48.0,1143.0,442.0,1197459642,241236041.0,921719143.0,34504458.0,УФО
79,Челябинская область,1.0,19.0,19.0,102654500,80590750.0,22063750.0,0.0,1.0,17.0,17.0,25213380,10456900.0,14756480.0,0.0,43.0,86.0,31.0,138768767,106212588.0,32556179.0,0.0,25.0,61.0,41.0,35812640,17589858.0,18222782.0,0.0,2.0,36.0,36.0,127867880,91047650.0,36820230.0,0.0,68.0,147.0,72.0,174581407,123802446.0,50778961.0,0.0,УФО
80,Чеченская Республика,1.0,49.0,0.0,16272302,12590000.0,3682302.0,0.0,3.0,90.0,0.0,6793600,0.0,6793600.0,0.0,17.0,35.0,6.0,130000,130000.0,0.0,0.0,0.0,0.0,0.0,0,0.0,0.0,0.0,4.0,139.0,0.0,23065902,12590000.0,10475902.0,0.0,17.0,35.0,6.0,130000,130000.0,0.0,0.0,СКФО
81,Чувашская Республика,1.0,7.0,3.0,36171184,32455000.0,3716184.0,0.0,3.0,76.0,53.0,91029050,21144232.0,34381495.0,35503323.0,26.0,31.0,19.0,20510083,18112482.0,2397601.0,0.0,0.0,0.0,0.0,0,0.0,0.0,0.0,4.0,83.0,56.0,127200234,53599232.0,38097679.0,35503323.0,26.0,31.0,19.0,20510083,18112482.0,2397601.0,0.0,ПФО
82,Чукотский автономный округ,1.0,3.0,2.0,115915300,112016700.0,3898600.0,0.0,0.0,0.0,0.0,0,0.0,0.0,0.0,7.0,7.0,2.0,39086200,26990200.0,12096000.0,0.0,0.0,0.0,0.0,0,0.0,0.0,0.0,1.0,3.0,2.0,115915300,112016700.0,3898600.0,0.0,7.0,7.0,2.0,39086200,26990200.0,12096000.0,0.0,ДФО
83,Ямало-Ненецкий автономный округ,1.0,37.0,0.0,618129104,470734202.0,147394902.0,0.0,3.0,170.0,0.0,446024000,162000795.0,284023205.0,0.0,13.0,90.0,28.0,342789776,54169839.0,224970221.0,63649716.0,21.0,590.0,63.0,953914154,175721188.0,777509304.0,683662.0,4.0,207.0,0.0,1064153104,632734997.0,431418107.0,0.0,34.0,680.0,91.0,1296703930,229891027.0,1002479525.0,64333378.0,УФО
84,Ярославская область,1.0,27.0,7.0,42931294,36438744.0,6492550.0,0.0,2.0,115.0,27.0,92927720,41538160.0,51389560.0,0.0,19.0,42.0,9.0,29322887,2639645.0,26277242.0,406000.0,21.0,314.0,54.0,104652783,24151236.0,76614868.0,3886679.0,3.0,142.0,34.0,135859014,77976904.0,57882110.0,0.0,40.0,356.0,63.0,133975670,26790881.0,102892110.0,4292679.0,ЦФО
